file,class,type,cbo,cboModified,fanin,fanout,wmc,dit,noc,rfc,lcom,lcom*,tcc,lcc,totalMethodsQty,staticMethodsQty,publicMethodsQty,privateMethodsQty,protectedMethodsQty,defaultMethodsQty,visibleMethodsQty,abstractMethodsQty,finalMethodsQty,synchronizedMethodsQty,totalFieldsQty,staticFieldsQty,publicFieldsQty,privateFieldsQty,protectedFieldsQty,defaultFieldsQty,finalFieldsQty,synchronizedFieldsQty,nosi,loc,returnQty,loopQty,comparisonsQty,tryCatchQty,parenthesizedExpsQty,stringLiteralsQty,numbersQty,assignmentsQty,mathOperationsQty,variablesQty,maxNestedBlocksQty,anonymousClassesQty,innerClassesQty,lambdasQty,uniqueWordsQty,modifiers,logStatementsQty
d:\Repositorios\lab-experimentacao-software-02\scripts\repos\Stirling-PDF\src\main\java\stirling\software\SPDF\model\ApplicationProperties.java,stirling.software.SPDF.model.ApplicationProperties$System,innerclass,0,0,0,0,13,1,0,0,42,0.7692308,0.0,0.0,13,0,13,0,0,0,13,0,0,0,6,0,0,6,0,0,0,0,0,47,7,0,0,0,0,7,0,6,1,6,0,0,0,0,29,9,0
d:\Repositorios\lab-experimentacao-software-02\scripts\repos\Stirling-PDF\src\main\java\stirling\software\SPDF\repository\AuthorityRepository.java,stirling.software.SPDF.repository.AuthorityRepository,interface,2,2,0,2,1,1,0,0,0,0.0,NaN,NaN,1,0,0,0,0,1,1,0,0,0,0,0,0,0,0,0,0,0,0,3,0,0,0,0,0,0,0,0,0,0,0,0,0,0,8,1,0
d:\Repositorios\lab-experimentacao-software-02\scripts\repos\Stirling-PDF\src\main\java\stirling\software\SPDF\controller\api\security\CertSignController.java,stirling.software.SPDF.controller.api.security.CertSignController$CreateSignature,innerclass,2,2,0,2,1,2,0,0,0,0.0,NaN,NaN,1,0,1,0,0,0,1,0,0,0,0,0,0,0,0,0,0,0,0,5,0,0,0,0,0,0,0,0,0,0,0,0,0,0,8,0,0
d:\Repositorios\lab-experimentacao-software-02\scripts\repos\Stirling-PDF\src\main\java\stirling\software\SPDF\model\api\GeneralFile.java,stirling.software.SPDF.model.api.GeneralFile,class,5,8,3,5,0,1,0,0,0,NaN,-1.0,-1.0,0,0,0,0,0,0,0,0,0,0,1,0,0,1,0,0,0,0,0,3,0,0,0,0,0,1,0,0,0,1,0,0,0,0,7,1,0
d:\Repositorios\lab-experimentacao-software-02\scripts\repos\Stirling-PDF\src\main\java\stirling\software\SPDF\model\api\misc\AddStampRequest.java,stirling.software.SPDF.model.api.misc.AddStampRequest,class,5,6,1,5,0,3,0,0,0,NaN,-1.0,-1.0,0,0,0,0,0,0,0,0,0,0,12,0,0,12,0,0,0,0,0,14,0,0,0,0,0,35,4,7,0,12,0,0,0,0,58,1,0
d:\Repositorios\lab-experimentacao-software-02\scripts\repos\Stirling-PDF\src\main\java\stirling\software\SPDF\model\api\SplitPdfBySectionsRequest.java,stirling.software.SPDF.model.api.SplitPdfBySectionsRequest,class,5,6,1,5,0,2,0,0,0,NaN,-1.0,-1.0,0,0,0,0,0,0,0,0,0,0,3,0,0,3,0,0,0,0,0,5,0,0,0,0,0,6,0,0,0,3,0,0,0,0,26,1,0
d:\Repositorios\lab-experimentacao-software-02\scripts\repos\Stirling-PDF\src\main\java\stirling\software\SPDF\controller\api\converters\ConvertBookToPDFController.java,stirling.software.SPDF.controller.api.converters.ConvertBookToPDFController,class,15,15,0,15,10,1,0,9,0,0.0,NaN,NaN,1,0,1,0,0,0,1,0,0,0,1,0,0,1,0,0,0,0,2,22,1,0,2,0,0,20,0,5,1,6,2,0,0,0,61,1,0
d:\Repositorios\lab-experimentacao-software-02\scripts\repos\Stirling-PDF\src\main\java\stirling\software\SPDF\controller\api\misc\FakeScanControllerWIP.java,stirling.software.SPDF.controller.api.misc.FakeScanControllerWIP,class,21,22,1,21,6,1,0,28,0,1.0,NaN,NaN,1,0,1,0,0,0,1,0,0,0,1,1,0,1,0,0,1,0,7,56,1,4,0,0,3,16,28,34,18,32,3,0,0,0,94,1,0
d:\Repositorios\lab-experimentacao-software-02\scripts\repos\Stirling-PDF\src\main\java\stirling\software\SPDF\model\User.java,stirling.software.SPDF.model.User,class,13,22,9,13,21,1,0,8,156,0.89444447,0.0,0.0,20,0,20,0,0,0,20,0,0,0,9,0,0,9,0,0,0,0,2,71,10,0,1,0,0,14,0,11,0,9,0,0,0,0,37,1,0
d:\Repositorios\lab-experimentacao-software-02\scripts\repos\Stirling-PDF\src\main\java\stirling\software\SPDF\controller\api\pipeline\PipelineProcessor.java,stirling.software.SPDF.controller.api.pipeline.PipelineProcessor$Anonymous1,anonymous,0,0,0,0,1,1,0,0,0,0.0,NaN,NaN,1,0,1,0,0,0,1,0,0,0,0,0,0,0,0,0,0,0,0,5,1,0,0,0,0,0,0,0,0,0,0,0,0,0,3,-1,0
d:\Repositorios\lab-experimentacao-software-02\scripts\repos\Stirling-PDF\src\main\java\stirling\software\SPDF\controller\api\pipeline\PipelineProcessor.java,stirling.software.SPDF.controller.api.pipeline.PipelineProcessor$Anonymous2,anonymous,0,0,0,0,1,1,0,1,0,0.0,NaN,NaN,1,0,1,0,0,0,1,0,0,0,0,0,0,0,0,0,0,0,0,5,1,0,0,0,0,0,0,0,0,0,0,0,0,0,2,-1,0
d:\Repositorios\lab-experimentacao-software-02\scripts\repos\Stirling-PDF\src\main\java\stirling\software\SPDF\controller\api\pipeline\PipelineProcessor.java,stirling.software.SPDF.controller.api.pipeline.PipelineProcessor$Anonymous3,anonymous,0,0,0,0,1,1,0,2,0,0.0,NaN,NaN,1,0,1,0,0,0,1,0,0,0,0,0,0,0,0,0,0,0,0,5,1,0,0,0,0,0,0,0,0,0,0,0,0,0,2,-1,0
d:\Repositorios\lab-experimentacao-software-02\scripts\repos\Stirling-PDF\src\main\java\stirling\software\SPDF\utils\GeneralUtils.java,stirling.software.SPDF.utils.GeneralUtils$Anonymous1,anonymous,0,0,0,0,2,1,0,1,1,0.0,0.0,0.0,2,0,2,0,0,0,2,0,0,0,0,0,0,0,0,0,0,0,2,10,2,0,0,0,0,0,0,0,0,0,0,0,0,0,16,-1,0
d:\Repositorios\lab-experimentacao-software-02\scripts\repos\Stirling-PDF\src\main\java\stirling\software\SPDF\controller\api\pipeline\PipelineProcessor.java,stirling.software.SPDF.controller.api.pipeline.PipelineProcessor$Anonymous4,anonymous,0,0,0,0,1,1,0,0,0,0.0,NaN,NaN,1,0,1,0,0,0,1,0,0,0,0,0,0,0,0,0,0,0,0,5,1,0,0,0,0,0,0,0,0,0,0,0,0,0,3,-1,0
d:\Repositorios\lab-experimentacao-software-02\scripts\repos\Stirling-PDF\src\main\java\stirling\software\SPDF\model\api\user\UsernameAndPass.java,stirling.software.SPDF.model.api.user.UsernameAndPass,class,5,7,2,5,0,2,1,0,0,NaN,-1.0,-1.0,0,0,0,0,0,0,0,0,0,0,1,0,0,1,0,0,0,0,0,3,0,0,0,0,0,1,0,0,0,1,0,0,0,0,9,1,0
d:\Repositorios\lab-experimentacao-software-02\scripts\repos\Stirling-PDF\src\main\java\stirling\software\SPDF\model\api\converters\PdfToTextOrRTFRequest.java,stirling.software.SPDF.model.api.converters.PdfToTextOrRTFRequest,class,4,5,1,4,0,2,0,0,0,NaN,-1.0,-1.0,0,0,0,0,0,0,0,0,0,0,1,0,0,1,0,0,0,0,0,3,0,0,0,0,0,3,0,0,0,1,0,0,0,0,18,1,0
d:\Repositorios\lab-experimentacao-software-02\scripts\repos\Stirling-PDF\src\main\java\stirling\software\SPDF\config\MetricsFilter.java,stirling.software.SPDF.config.MetricsFilter,class,8,8,0,8,18,2,0,10,0,0.0,0.0,0.0,2,0,1,0,1,0,2,0,0,0,1,0,0,1,0,0,1,0,0,14,0,0,0,0,1,19,0,3,0,3,1,0,0,0,23,1,0
d:\Repositorios\lab-experimentacao-software-02\scripts\repos\Stirling-PDF\src\main\java\stirling\software\SPDF\LibreOfficeListener.java,stirling.software.SPDF.LibreOfficeListener,class,1,2,1,1,16,1,0,14,4,0.6666667,0.0,0.0,5,1,3,2,0,0,3,0,0,1,6,3,0,6,0,0,3,0,9,69,5,2,2,3,0,3,9,11,3,10,3,0,0,1,47,1,0
d:\Repositorios\lab-experimentacao-software-02\scripts\repos\Stirling-PDF\src\main\java\stirling\software\SPDF\pdf\TextFinder.java,stirling.software.SPDF.pdf.TextFinder,class,6,8,2,6,11,2,0,23,0,0.375,0.0,0.0,4,0,2,1,1,0,3,0,0,0,4,0,0,4,0,0,4,0,10,60,2,3,0,0,0,7,1,20,11,15,3,0,1,0,55,1,0
d:\Repositorios\lab-experimentacao-software-02\scripts\repos\Stirling-PDF\src\main\java\stirling\software\SPDF\controller\api\ScalePagesController.java,stirling.software.SPDF.controller.api.ScalePagesController,class,19,20,1,19,3,1,0,30,0,1.0,NaN,NaN,1,0,1,0,0,0,1,0,0,0,1,1,0,1,0,0,1,0,2,50,1,1,0,0,2,20,3,22,10,22,1,0,0,0,71,1,0
d:\Repositorios\lab-experimentacao-software-02\scripts\repos\Stirling-PDF\src\main\java\stirling\software\SPDF\model\api\HandleDataRequest.java,stirling.software.SPDF.model.api.HandleDataRequest,class,5,6,1,5,0,1,0,0,0,NaN,-1.0,-1.0,0,0,0,0,0,0,0,0,0,0,2,0,0,2,0,0,0,0,0,4,0,0,0,0,0,2,0,0,0,2,0,0,0,0,8,1,0
d:\Repositorios\lab-experimentacao-software-02\scripts\repos\Stirling-PDF\src\main\java\stirling\software\SPDF\utils\ErrorUtils.java,stirling.software.SPDF.utils.ErrorUtils,class,2,2,0,2,2,1,0,5,1,0.0,0.0,0.0,2,2,2,0,0,0,2,0,0,0,0,0,0,0,0,0,0,0,0,19,2,0,0,0,0,4,0,5,0,5,0,0,0,0,16,1,0
d:\Repositorios\lab-experimentacao-software-02\scripts\repos\Stirling-PDF\src\main\java\stirling\software\SPDF\model\ApplicationProperties.java,stirling.software.SPDF.model.ApplicationProperties$Endpoints,innerclass,0,0,0,0,5,1,0,0,0,0.4,0.0,0.0,5,0,5,0,0,0,5,0,0,0,2,0,0,2,0,0,0,0,0,19,3,0,0,0,0,3,0,2,1,2,0,0,0,0,9,9,0
d:\Repositorios\lab-experimentacao-software-02\scripts\repos\Stirling-PDF\src\main\java\stirling\software\SPDF\controller\api\converters\ConvertOfficeController.java,stirling.software.SPDF.controller.api.converters.ConvertOfficeController,class,14,15,1,14,5,1,0,18,3,0.0,0.0,0.0,3,0,2,1,0,0,2,0,0,0,0,0,0,0,0,0,0,0,9,26,3,0,1,0,0,21,0,9,2,9,1,0,0,0,58,1,0
d:\Repositorios\lab-experimentacao-software-02\scripts\repos\Stirling-PDF\src\main\java\stirling\software\SPDF\controller\api\converters\ConvertMarkdownToPdf.java,stirling.software.SPDF.controller.api.converters.ConvertMarkdownToPdf,class,20,20,0,20,4,1,0,17,0,0.0,NaN,NaN,1,0,1,0,0,0,1,0,0,0,1,0,0,1,0,0,0,0,3,21,1,0,2,0,0,15,0,9,1,11,1,0,0,1,59,1,0
d:\Repositorios\lab-experimentacao-software-02\scripts\repos\Stirling-PDF\src\main\java\stirling\software\SPDF\repository\JPATokenRepositoryImpl.java,stirling.software.SPDF.repository.JPATokenRepositoryImpl,class,5,6,1,5,8,1,0,18,0,0.0,0.0,0.0,4,0,4,0,0,0,4,0,0,0,1,0,0,1,0,0,0,0,0,33,2,1,2,0,0,0,0,3,0,4,2,0,0,0,31,1,0
d:\Repositorios\lab-experimentacao-software-02\scripts\repos\Stirling-PDF\src\main\java\stirling\software\SPDF\controller\api\misc\AutoRenameController.java,stirling.software.SPDF.controller.api.misc.AutoRenameController$Anonymous1,anonymous,3,3,0,3,16,1,0,16,0,0.13333334,0.0,0.0,3,0,1,1,1,0,2,0,0,0,5,0,0,0,0,5,0,0,1,57,1,2,3,0,2,1,13,19,5,10,2,0,1,1,41,-1,0
d:\Repositorios\lab-experimentacao-software-02\scripts\repos\Stirling-PDF\src\main\java\stirling\software\SPDF\model\api\PDFWithImageFormatRequest.java,stirling.software.SPDF.model.api.PDFWithImageFormatRequest,class,4,5,1,4,0,2,0,0,0,NaN,-1.0,-1.0,0,0,0,0,0,0,0,0,0,0,1,0,0,1,0,0,0,0,0,3,0,0,0,0,0,4,0,0,0,1,0,0,0,0,16,1,0
d:\Repositorios\lab-experimentacao-software-02\scripts\repos\Stirling-PDF\src\main\java\stirling\software\SPDF\controller\web\MetricsController.java,stirling.software.SPDF.controller.web.MetricsController,class,17,18,1,17,52,1,0,43,0,0.5185185,0.0,0.0,9,0,8,1,0,0,8,0,0,0,3,0,0,2,0,1,1,0,9,182,17,4,7,4,6,56,5,33,3,27,7,0,1,2,78,1,0
d:\Repositorios\lab-experimentacao-software-02\scripts\repos\Stirling-PDF\src\main\java\stirling\software\SPDF\controller\api\filters\FilterController.java,stirling.software.SPDF.controller.api.filters.FilterController,class,20,20,0,20,36,1,0,25,15,0.0,0.0,0.0,6,0,6,0,0,0,6,0,0,0,0,0,0,0,0,0,0,0,15,113,12,0,4,0,0,43,2,47,6,35,1,0,0,0,62,1,0
d:\Repositorios\lab-experimentacao-software-02\scripts\repos\Stirling-PDF\src\main\java\stirling\software\SPDF\model\api\converters\UrlToPdfRequest.java,stirling.software.SPDF.model.api.converters.UrlToPdfRequest,class,3,4,1,3,0,1,0,0,0,NaN,-1.0,-1.0,0,0,0,0,0,0,0,0,0,0,1,0,0,1,0,0,0,0,0,3,0,0,0,0,0,1,0,0,0,1,0,0,0,0,19,1,0
d:\Repositorios\lab-experimentacao-software-02\scripts\repos\Stirling-PDF\src\main\java\stirling\software\SPDF\model\api\general\CropPdfForm.java,stirling.software.SPDF.model.api.general.CropPdfForm,class,4,5,1,4,0,2,0,0,0,NaN,-1.0,-1.0,0,0,0,0,0,0,0,0,0,0,4,0,0,4,0,0,0,0,0,6,0,0,0,0,0,8,0,0,0,4,0,0,0,0,22,1,0
d:\Repositorios\lab-experimentacao-software-02\scripts\repos\Stirling-PDF\src\main\java\org\apache\pdfbox\examples\signature\CreateSignatureBase.java,org.apache.pdfbox.examples.signature.CreateSignatureBase,class,13,16,3,13,16,1,2,16,16,0.71875,0.0,0.0,8,0,8,0,0,0,8,0,2,0,4,0,0,4,0,0,0,0,1,63,3,1,4,1,1,2,2,16,0,14,3,0,0,0,147,1025,0
d:\Repositorios\lab-experimentacao-software-02\scripts\repos\Stirling-PDF\src\main\java\stirling\software\SPDF\controller\api\MergeController.java,stirling.software.SPDF.controller.api.MergeController,class,16,18,2,16,16,1,0,31,3,0.6666667,0.0,0.0,3,0,2,1,0,0,2,0,0,0,1,1,0,1,0,0,1,0,12,84,13,4,0,4,0,16,5,15,1,23,2,0,0,4,77,1,1
d:\Repositorios\lab-experimentacao-software-02\scripts\repos\Stirling-PDF\src\main\java\stirling\software\SPDF\model\ApiEndpoint.java,stirling.software.SPDF.model.ApiEndpoint,class,2,3,1,2,6,1,0,6,0,0.41666666,0.0,0.0,4,0,4,0,0,0,4,0,0,0,3,0,0,3,0,0,0,0,0,29,4,1,0,0,0,6,0,4,1,5,2,0,0,1,23,1,0
d:\Repositorios\lab-experimentacao-software-02\scripts\repos\Stirling-PDF\src\main\java\stirling\software\SPDF\controller\api\misc\MetadataController.java,stirling.software.SPDF.controller.api.misc.MetadataController,class,14,15,1,14,25,1,0,50,1,0.0,NaN,NaN,2,0,1,1,0,0,1,0,0,0,0,0,0,0,0,0,0,0,4,101,3,2,3,2,0,30,2,39,2,20,3,0,0,0,70,1,0
d:\Repositorios\lab-experimentacao-software-02\scripts\repos\Stirling-PDF\src\main\java\stirling\software\SPDF\controller\api\misc\AutoRenameController.java,LineInfo,innerclass,0,0,0,0,1,1,0,0,0,0.0,NaN,NaN,1,0,0,0,0,1,1,0,0,0,2,0,0,0,0,2,0,0,0,8,0,0,0,0,0,0,0,2,0,2,0,0,0,0,5,0,0
d:\Repositorios\lab-experimentacao-software-02\scripts\repos\Stirling-PDF\src\main\java\stirling\software\SPDF\controller\web\OtherWebController.java,stirling.software.SPDF.controller.web.OtherWebController,class,7,8,1,7,19,1,0,16,153,0.0,0.0,0.0,18,0,18,0,0,0,18,0,0,0,0,0,0,0,0,0,0,0,4,83,19,0,1,0,0,76,0,5,0,8,1,0,0,3,52,1,0
d:\Repositorios\lab-experimentacao-software-02\scripts\repos\Stirling-PDF\src\main\java\stirling\software\SPDF\model\api\misc\OptimizePdfRequest.java,stirling.software.SPDF.model.api.misc.OptimizePdfRequest,class,4,5,1,4,0,2,0,0,0,NaN,-1.0,-1.0,0,0,0,0,0,0,0,0,0,0,2,0,0,2,0,0,0,0,0,4,0,0,0,0,0,7,0,0,0,2,0,0,0,0,32,1,0
d:\Repositorios\lab-experimentacao-software-02\scripts\repos\Stirling-PDF\src\main\java\stirling\software\SPDF\config\security\IPRateLimitingFilter.java,stirling.software.SPDF.config.security.IPRateLimitingFilter,class,6,8,2,6,8,1,0,12,0,0.4166667,0.0,0.0,3,0,3,0,0,0,3,0,0,0,4,0,0,4,0,0,4,0,1,41,3,0,0,0,0,3,1,9,0,10,3,0,0,1,32,1,0
d:\Repositorios\lab-experimentacao-software-02\scripts\repos\Stirling-PDF\src\main\java\stirling\software\SPDF\model\ApplicationProperties.java,stirling.software.SPDF.model.ApplicationProperties$AutoPipeline,innerclass,0,0,0,0,3,1,0,0,0,0.0,0.0,0.0,3,0,3,0,0,0,3,0,0,0,1,0,0,1,0,0,0,0,0,12,2,0,0,0,0,2,0,1,1,1,0,0,0,0,9,9,0
d:\Repositorios\lab-experimentacao-software-02\scripts\repos\Stirling-PDF\src\main\java\stirling\software\SPDF\controller\api\ToSinglePageController.java,stirling.software.SPDF.controller.api.ToSinglePageController,class,18,19,1,18,3,1,0,21,0,1.0,NaN,NaN,1,0,1,0,0,0,1,0,0,0,1,1,0,1,0,0,1,0,3,34,1,2,0,0,0,11,3,18,3,15,1,0,0,0,73,1,0
d:\Repositorios\lab-experimentacao-software-02\scripts\repos\Stirling-PDF\src\main\java\stirling\software\SPDF\model\PersistentLogin.java,stirling.software.SPDF.model.PersistentLogin,class,4,5,1,4,8,1,0,0,20,0.75,0.0,0.0,8,0,8,0,0,0,8,0,0,0,4,0,0,4,0,0,0,0,0,30,4,0,0,0,0,5,2,4,0,4,0,0,0,0,16,1,0
d:\Repositorios\lab-experimentacao-software-02\scripts\repos\Stirling-PDF\src\main\java\stirling\software\SPDF\repository\UserRepository.java,stirling.software.SPDF.repository.UserRepository,interface,2,5,3,2,3,1,0,0,3,0.0,0.0,0.0,3,0,0,0,0,3,3,0,0,0,0,0,0,0,0,0,0,0,0,5,0,0,0,0,0,0,0,0,0,0,0,0,0,0,11,1,0
d:\Repositorios\lab-experimentacao-software-02\scripts\repos\Stirling-PDF\src\main\java\stirling\software\SPDF\config\YamlPropertySourceFactory.java,stirling.software.SPDF.config.YamlPropertySourceFactory,class,5,6,1,5,1,1,0,4,0,0.0,NaN,NaN,1,0,1,0,0,0,1,0,0,0,0,0,0,0,0,0,0,0,0,8,1,0,0,0,0,0,0,2,0,2,0,0,0,0,15,1,0
d:\Repositorios\lab-experimentacao-software-02\scripts\repos\Stirling-PDF\src\main\java\stirling\software\SPDF\utils\PropertyConfigs.java,stirling.software.SPDF.utils.PropertyConfigs,class,0,0,0,0,14,1,0,3,6,0.0,0.0,0.0,4,4,4,0,0,0,4,0,0,0,0,0,0,0,0,0,0,0,10,28,6,2,8,0,2,0,0,8,0,4,2,0,0,0,11,1,0
d:\Repositorios\lab-experimentacao-software-02\scripts\repos\Stirling-PDF\src\main\java\stirling\software\SPDF\controller\api\misc\ExtractImageScansController.java,stirling.software.SPDF.controller.api.misc.ExtractImageScansController,class,17,18,1,17,12,1,0,50,0,0.0,NaN,NaN,1,0,1,0,0,0,1,0,0,0,2,2,0,2,0,0,2,0,23,95,2,4,1,6,1,37,8,31,9,30,4,0,0,2,101,1,3
d:\Repositorios\lab-experimentacao-software-02\scripts\repos\Stirling-PDF\src\main\java\stirling\software\SPDF\controller\api\misc\PageNumbersController.java,stirling.software.SPDF.controller.api.misc.PageNumbersController,class,19,20,1,19,15,1,0,38,0,1.0,NaN,NaN,1,0,1,0,0,0,1,0,0,0,1,1,0,1,0,0,1,0,5,82,1,1,5,0,4,22,19,32,18,22,2,0,0,0,69,1,0
d:\Repositorios\lab-experimentacao-software-02\scripts\repos\Stirling-PDF\src\main\java\stirling\software\SPDF\controller\api\misc\CompressController.java,stirling.software.SPDF.controller.api.misc.CompressController,class,20,21,1,20,35,1,0,43,0,0.0,NaN,NaN,1,0,1,0,0,0,1,0,0,0,1,1,0,1,0,0,1,0,15,147,1,4,10,2,2,36,24,46,9,34,10,0,0,0,127,1,1
d:\Repositorios\lab-experimentacao-software-02\scripts\repos\Stirling-PDF\src\main\java\stirling\software\SPDF\controller\api\strippers\PDFTableStripper.java,stirling.software.SPDF.controller.api.strippers.PDFTableStripper$Interval,innerclass,1,1,0,1,10,1,0,6,0,0.0,0.0,0.0,3,1,3,0,0,0,3,0,0,0,2,0,0,0,0,2,0,0,0,34,0,2,0,0,0,0,1,8,0,6,3,0,0,0,17,9,0
d:\Repositorios\lab-experimentacao-software-02\scripts\repos\Stirling-PDF\src\main\java\stirling\software\SPDF\model\api\security\SignPDFWithCertRequest.java,stirling.software.SPDF.model.api.security.SignPDFWithCertRequest,class,5,6,1,5,0,2,0,0,0,NaN,-1.0,-1.0,0,0,0,0,0,0,0,0,0,0,11,0,0,11,0,0,0,0,0,13,0,0,0,0,0,14,0,0,0,11,0,0,0,0,60,1,0
d:\Repositorios\lab-experimentacao-software-02\scripts\repos\Stirling-PDF\src\main\java\stirling\software\SPDF\controller\web\HomeWebController.java,stirling.software.SPDF.controller.web.HomeWebController$Anonymous1,anonymous,0,0,0,0,0,1,0,0,0,0.0,-1.0,-1.0,0,0,0,0,0,0,0,0,0,0,0,0,0,0,0,0,0,0,0,2,0,0,0,0,0,0,0,0,0,0,0,0,0,0,0,-1,0
d:\Repositorios\lab-experimentacao-software-02\scripts\repos\Stirling-PDF\src\main\java\stirling\software\SPDF\config\security\UserService.java,stirling.software.SPDF.config.security.UserService,class,16,23,7,16,34,1,0,39,0,0.5,0.0,0.0,24,0,22,2,0,0,22,0,0,0,2,0,0,2,0,0,0,0,2,132,18,2,5,0,0,4,1,15,0,16,3,0,0,3,67,1,0
d:\Repositorios\lab-experimentacao-software-02\scripts\repos\Stirling-PDF\src\main\java\stirling\software\SPDF\config\security\LoginAttemptService.java,stirling.software.SPDF.config.security.LoginAttemptService,class,6,10,4,6,8,1,0,10,0,0.375,0.0,0.0,4,0,4,0,0,0,4,0,0,0,4,0,0,3,0,1,1,0,0,33,5,0,2,0,0,0,0,4,0,7,2,0,0,1,31,1,0
d:\Repositorios\lab-experimentacao-software-02\scripts\repos\Stirling-PDF\src\main\java\stirling\software\SPDF\controller\api\security\PasswordController.java,stirling.software.SPDF.controller.api.security.PasswordController,class,17,18,1,17,6,1,0,32,1,1.0,0.0,0.0,2,0,2,0,0,0,2,0,0,0,1,1,0,1,0,0,1,0,3,42,3,0,0,0,0,24,0,19,3,19,1,0,0,0,72,1,0
d:\Repositorios\lab-experimentacao-software-02\scripts\repos\Stirling-PDF\src\main\java\stirling\software\SPDF\model\PipelineConfig.java,stirling.software.SPDF.model.PipelineConfig,class,2,5,3,2,8,1,0,0,20,0.75,0.0,0.0,8,0,8,0,0,0,8,0,0,0,4,0,0,4,0,0,0,0,0,30,4,0,0,0,0,2,0,4,0,4,0,0,0,0,12,1,0
d:\Repositorios\lab-experimentacao-software-02\scripts\repos\Stirling-PDF\src\main\java\stirling\software\SPDF\controller\web\GeneralWebController.java,stirling.software.SPDF.controller.web.GeneralWebController$FontResource,innerclass,1,1,0,1,7,1,0,1,3,0.5714286,0.0,0.0,7,0,7,0,0,0,7,0,0,0,3,0,0,3,0,0,0,0,0,28,3,0,0,0,0,0,0,6,0,3,0,0,0,0,12,1,0
d:\Repositorios\lab-experimentacao-software-02\scripts\repos\Stirling-PDF\src\main\java\stirling\software\SPDF\controller\api\converters\ExtractController.java,stirling.software.SPDF.controller.api.converters.ExtractController,class,15,16,1,15,14,1,0,40,3,1.0,NaN,NaN,3,0,1,2,0,0,1,0,0,0,1,1,0,1,0,0,1,0,0,69,3,7,3,2,0,20,14,26,3,26,3,0,0,1,76,1,0
d:\Repositorios\lab-experimentacao-software-02\scripts\repos\Stirling-PDF\src\main\java\stirling\software\SPDF\model\api\general\ScalePagesRequest.java,stirling.software.SPDF.model.api.general.ScalePagesRequest,class,4,5,1,4,0,3,0,0,0,NaN,-1.0,-1.0,0,0,0,0,0,0,0,0,0,0,1,0,0,1,0,0,0,0,0,3,0,0,0,0,0,1,0,0,0,1,0,0,0,0,24,1,0
d:\Repositorios\lab-experimentacao-software-02\scripts\repos\Stirling-PDF\src\main\java\stirling\software\SPDF\model\api\MultiplePDFFiles.java,stirling.software.SPDF.model.api.MultiplePDFFiles,class,5,6,1,5,0,1,1,0,0,NaN,-1.0,-1.0,0,0,0,0,0,0,0,0,0,0,1,0,0,1,0,0,0,0,0,3,0,0,0,0,0,3,0,0,0,1,0,0,0,0,9,1,0
d:\Repositorios\lab-experimentacao-software-02\scripts\repos\Stirling-PDF\src\main\java\stirling\software\SPDF\model\api\misc\RemoveBlankPagesRequest.java,stirling.software.SPDF.model.api.misc.RemoveBlankPagesRequest,class,4,5,1,4,0,2,0,0,0,NaN,-1.0,-1.0,0,0,0,0,0,0,0,0,0,0,2,0,0,2,0,0,0,0,0,4,0,0,0,0,0,6,2,2,0,2,0,0,0,0,28,1,0
d:\Repositorios\lab-experimentacao-software-02\scripts\repos\Stirling-PDF\src\main\java\stirling\software\SPDF\utils\ProcessExecutor.java,stirling.software.SPDF.utils.ProcessExecutor$ProcessExecutorResult,innerclass,0,0,0,0,5,1,0,0,0,0.4,0.0,0.0,5,0,5,0,0,0,5,0,0,0,2,0,0,0,0,2,0,0,0,20,2,0,0,0,0,0,0,4,0,2,0,0,0,0,9,1,0
d:\Repositorios\lab-experimentacao-software-02\scripts\repos\Stirling-PDF\src\main\java\stirling\software\SPDF\utils\RequestUriUtils.java,stirling.software.SPDF.utils.RequestUriUtils,class,0,3,3,0,1,1,0,2,0,0.0,NaN,NaN,1,1,1,0,0,0,1,0,0,0,0,0,0,0,0,0,0,0,0,5,1,0,0,0,0,7,0,0,0,0,0,0,0,0,17,1,0
d:\Repositorios\lab-experimentacao-software-02\scripts\repos\Stirling-PDF\src\main\java\stirling\software\SPDF\utils\ProcessExecutor.java,stirling.software.SPDF.utils.ProcessExecutor,class,4,15,11,4,21,1,0,23,4,0.56000006,0.0,0.0,5,2,4,1,0,0,4,0,0,0,5,2,0,5,0,0,4,0,4,130,5,2,5,3,2,14,7,25,5,23,5,0,2,3,66,1,7
d:\Repositorios\lab-experimentacao-software-02\scripts\repos\Stirling-PDF\src\main\java\stirling\software\SPDF\controller\api\converters\ConvertWebsiteToPDF.java,stirling.software.SPDF.controller.api.converters.ConvertWebsiteToPDF,class,15,16,1,15,5,1,0,15,1,0.0,NaN,NaN,2,0,1,1,0,0,1,0,0,0,0,0,0,0,0,0,0,0,6,31,2,0,0,1,0,15,3,9,1,7,1,0,0,0,55,1,0
d:\Repositorios\lab-experimentacao-software-02\scripts\repos\Stirling-PDF\src\main\java\stirling\software\SPDF\config\StartupApplicationListener.java,stirling.software.SPDF.config.StartupApplicationListener,class,3,3,0,3,1,1,0,1,0,0.0,NaN,NaN,1,0,1,0,0,0,1,0,0,0,1,1,1,0,0,0,0,0,1,6,0,0,0,0,0,0,0,1,0,1,0,0,0,0,12,1,0
d:\Repositorios\lab-experimentacao-software-02\scripts\repos\Stirling-PDF\src\main\java\stirling\software\SPDF\model\api\security\AddPasswordRequest.java,stirling.software.SPDF.model.api.security.AddPasswordRequest,class,4,5,1,4,0,2,0,0,0,NaN,-1.0,-1.0,0,0,0,0,0,0,0,0,0,0,11,0,0,11,0,0,0,0,0,13,0,0,0,0,0,25,1,1,0,11,0,0,0,0,57,1,0
d:\Repositorios\lab-experimentacao-software-02\scripts\repos\Stirling-PDF\src\main\java\stirling\software\SPDF\config\security\UserAuthenticationFilter.java,stirling.software.SPDF.config.security.UserAuthenticationFilter,class,13,14,1,13,16,2,0,22,1,0.6666667,0.0,0.0,2,0,0,0,2,0,2,0,0,0,3,0,1,2,0,0,0,0,0,58,7,1,4,1,1,19,0,10,12,12,4,0,0,0,67,1,0
d:\Repositorios\lab-experimentacao-software-02\scripts\repos\Stirling-PDF\src\main\java\stirling\software\SPDF\controller\api\converters\ConvertPDFToPDFA.java,stirling.software.SPDF.controller.api.converters.ConvertPDFToPDFA,class,14,14,0,14,1,1,0,14,0,0.0,NaN,NaN,1,0,1,0,0,0,1,0,0,0,0,0,0,0,0,0,0,0,7,22,1,0,0,0,0,19,0,7,1,7,0,0,0,0,47,1,0
d:\Repositorios\lab-experimentacao-software-02\scripts\repos\Stirling-PDF\src\main\java\stirling\software\SPDF\model\api\misc\AddPageNumbersRequest.java,stirling.software.SPDF.model.api.misc.AddPageNumbersRequest,class,4,5,1,4,0,3,0,0,0,NaN,-1.0,-1.0,0,0,0,0,0,0,0,0,0,0,5,0,0,5,0,0,0,0,0,7,0,0,0,0,0,11,0,0,0,5,0,0,0,0,35,1,0
d:\Repositorios\lab-experimentacao-software-02\scripts\repos\Stirling-PDF\src\main\java\stirling\software\SPDF\config\AppConfig.java,stirling.software.SPDF.config.AppConfig,class,9,9,0,9,18,1,0,18,16,0.44444445,0.0,0.0,9,0,9,0,0,0,9,0,0,0,1,0,0,0,0,1,0,0,7,47,10,0,8,1,4,21,0,8,0,7,1,0,0,0,44,1,0
d:\Repositorios\lab-experimentacao-software-02\scripts\repos\Stirling-PDF\src\main\java\stirling\software\SPDF\config\MetricsConfig.java,stirling.software.SPDF.config.MetricsConfig,class,4,4,0,4,1,1,0,0,0,0.0,NaN,NaN,1,0,1,0,0,0,1,0,0,0,0,0,0,0,0,0,0,0,0,13,1,0,0,0,0,0,0,0,0,0,0,1,0,0,5,1,0
d:\Repositorios\lab-experimentacao-software-02\scripts\repos\Stirling-PDF\src\main\java\stirling\software\SPDF\model\api\general\MergePdfsRequest.java,stirling.software.SPDF.model.api.general.MergePdfsRequest,class,4,5,1,4,0,2,0,0,0,NaN,-1.0,-1.0,0,0,0,0,0,0,0,0,0,0,1,0,0,1,0,0,0,0,0,3,0,0,0,0,0,8,0,1,0,1,0,0,0,0,25,1,0
d:\Repositorios\lab-experimentacao-software-02\scripts\repos\Stirling-PDF\src\main\java\stirling\software\SPDF\model\api\misc\AutoSplitPdfRequest.java,stirling.software.SPDF.model.api.misc.AutoSplitPdfRequest,class,4,5,1,4,0,2,0,0,0,NaN,-1.0,-1.0,0,0,0,0,0,0,0,0,0,0,1,0,0,1,0,0,0,0,0,3,0,0,0,0,0,2,0,0,0,1,0,0,0,0,24,1,0
d:\Repositorios\lab-experimentacao-software-02\scripts\repos\Stirling-PDF\src\main\java\stirling\software\SPDF\model\api\misc\ExtractImageScansRequest.java,stirling.software.SPDF.model.api.misc.ExtractImageScansRequest,class,4,5,1,4,0,1,0,0,0,NaN,-1.0,-1.0,0,0,0,0,0,0,0,0,0,0,6,0,0,6,0,0,0,0,0,8,0,0,0,0,0,16,5,5,0,6,0,0,0,0,28,1,0
d:\Repositorios\lab-experimentacao-software-02\scripts\repos\Stirling-PDF\src\main\java\stirling\software\SPDF\config\EndpointInterceptor.java,stirling.software.SPDF.config.EndpointInterceptor,class,6,7,1,6,2,1,0,3,0,0.0,NaN,NaN,1,0,1,0,0,0,1,0,0,0,1,0,0,1,0,0,0,0,0,11,2,0,0,0,0,1,0,1,0,2,1,0,0,0,21,1,0
d:\Repositorios\lab-experimentacao-software-02\scripts\repos\Stirling-PDF\src\main\java\stirling\software\SPDF\model\Authority.java,stirling.software.SPDF.model.Authority,class,8,14,6,8,8,1,0,2,10,0.625,0.0,0.0,8,0,8,0,0,0,8,0,0,0,3,0,0,3,0,0,0,0,0,30,3,0,0,0,0,3,0,5,0,3,0,0,0,0,11,1,0
d:\Repositorios\lab-experimentacao-software-02\scripts\repos\Stirling-PDF\src\main\java\stirling\software\SPDF\SPdfApplication.java,stirling.software.SPDF.SPdfApplication,class,11,14,3,11,13,1,0,27,3,0.6666666,0.0,0.0,6,3,5,1,0,0,5,0,0,0,4,2,0,3,0,1,1,0,13,64,2,0,1,3,0,20,1,9,3,11,3,0,0,0,54,1,6
d:\Repositorios\lab-experimentacao-software-02\scripts\repos\Stirling-PDF\src\main\java\stirling\software\SPDF\model\api\misc\OverlayImageRequest.java,stirling.software.SPDF.model.api.misc.OverlayImageRequest,class,5,6,1,5,0,2,0,0,0,NaN,-1.0,-1.0,0,0,0,0,0,0,0,0,0,0,4,0,0,4,0,0,0,0,0,6,0,0,0,0,0,7,0,0,0,4,0,0,0,0,33,1,0
d:\Repositorios\lab-experimentacao-software-02\scripts\repos\Stirling-PDF\src\main\java\stirling\software\SPDF\config\security\InitialSecuritySetup.java,stirling.software.SPDF.config.security.InitialSecuritySetup,class,10,11,1,10,14,1,0,26,1,0.5,0.0,0.0,3,0,2,1,0,0,2,0,0,0,2,0,0,1,0,1,0,0,5,53,0,1,3,0,0,11,5,11,7,9,3,0,0,0,38,1,0
d:\Repositorios\lab-experimentacao-software-02\scripts\repos\Stirling-PDF\src\main\java\stirling\software\SPDF\model\api\converters\PdfToWordRequest.java,stirling.software.SPDF.model.api.converters.PdfToWordRequest,class,4,5,1,4,0,2,0,0,0,NaN,-1.0,-1.0,0,0,0,0,0,0,0,0,0,0,1,0,0,1,0,0,0,0,0,3,0,0,0,0,0,4,0,0,0,1,0,0,0,0,15,1,0
d:\Repositorios\lab-experimentacao-software-02\scripts\repos\Stirling-PDF\src\main\java\stirling\software\SPDF\model\api\general\SplitPdfBySizeOrCountRequest.java,stirling.software.SPDF.model.api.general.SplitPdfBySizeOrCountRequest,class,4,5,1,4,0,2,0,0,0,NaN,-1.0,-1.0,0,0,0,0,0,0,0,0,0,0,2,0,0,2,0,0,0,0,0,4,0,0,0,0,0,4,0,0,0,2,0,0,0,0,30,1,0
d:\Repositorios\lab-experimentacao-software-02\scripts\repos\Stirling-PDF\src\main\java\stirling\software\SPDF\model\ApplicationProperties.java,stirling.software.SPDF.model.ApplicationProperties$AutomaticallyGenerated,innerclass,0,0,0,0,5,1,0,1,0,0.0,0.0,0.0,3,0,3,0,0,0,3,0,0,0,1,0,0,1,0,0,0,0,0,12,2,0,1,0,1,4,0,1,1,1,0,0,0,0,9,9,0
d:\Repositorios\lab-experimentacao-software-02\scripts\repos\Stirling-PDF\src\main\java\stirling\software\SPDF\model\api\converters\ConvertToImageRequest.java,stirling.software.SPDF.model.api.converters.ConvertToImageRequest,class,4,5,1,4,0,2,0,0,0,NaN,-1.0,-1.0,0,0,0,0,0,0,0,0,0,0,4,0,0,4,0,0,0,0,0,6,0,0,0,0,0,13,0,0,0,4,0,0,0,0,38,1,0
d:\Repositorios\lab-experimentacao-software-02\scripts\repos\Stirling-PDF\src\test\java\stirling\software\SPDF\utils\GeneralUtilsTest.java,stirling.software.SPDF.utils.GeneralUtilsTest,class,2,2,0,2,15,1,0,6,105,0.0,0.0,0.0,15,0,0,0,0,15,15,0,0,0,0,0,0,0,0,0,0,0,30,62,0,0,0,0,0,30,63,15,0,15,0,0,0,0,33,1,0
d:\Repositorios\lab-experimentacao-software-02\scripts\repos\Stirling-PDF\src\main\java\stirling\software\SPDF\controller\web\MetricsController.java,stirling.software.SPDF.controller.web.MetricsController$EndpointCount,innerclass,0,0,0,0,5,1,0,0,0,0.4,0.0,0.0,5,0,5,0,0,0,5,0,0,0,2,0,0,2,0,0,0,0,0,20,2,0,0,0,0,0,0,4,0,2,0,0,0,0,6,1,0
d:\Repositorios\lab-experimentacao-software-02\scripts\repos\Stirling-PDF\src\main\java\stirling\software\SPDF\utils\FileToPdf.java,stirling.software.SPDF.utils.FileToPdf,class,4,7,3,4,16,1,0,34,3,0.0,0.0,0.0,3,3,2,1,0,0,2,0,0,0,0,0,0,0,0,0,0,0,24,106,4,2,5,5,0,25,4,23,1,19,4,0,0,1,64,1,0
d:\Repositorios\lab-experimentacao-software-02\scripts\repos\Stirling-PDF\src\main\java\stirling\software\SPDF\controller\api\converters\ConvertHtmlToPDF.java,stirling.software.SPDF.controller.api.converters.ConvertHtmlToPDF,class,15,15,0,15,5,1,0,8,0,0.0,NaN,NaN,1,0,1,0,0,0,1,0,0,0,1,0,0,1,0,0,0,0,2,16,1,0,2,0,1,15,0,4,1,5,1,0,0,0,56,1,0
d:\Repositorios\lab-experimentacao-software-02\scripts\repos\Stirling-PDF\src\main\java\stirling\software\SPDF\controller\api\pipeline\UserServiceInterface.java,stirling.software.SPDF.controller.api.pipeline.UserServiceInterface,interface,0,3,3,0,1,1,0,0,0,0.0,NaN,NaN,1,0,0,0,0,1,1,0,0,0,0,0,0,0,0,0,0,0,0,3,0,0,0,0,0,0,0,0,0,0,0,0,0,0,8,1,0
d:\Repositorios\lab-experimentacao-software-02\scripts\repos\Stirling-PDF\src\main\java\stirling\software\SPDF\controller\web\ConverterWebController.java,stirling.software.SPDF.controller.web.ConverterWebController,class,7,7,0,7,15,1,0,2,105,0.0,0.0,0.0,15,0,15,0,0,0,15,0,0,0,0,0,0,0,0,0,0,0,0,68,15,0,0,0,0,64,0,6,0,6,0,0,0,0,41,1,0
d:\Repositorios\lab-experimentacao-software-02\scripts\repos\Stirling-PDF\src\main\java\stirling\software\SPDF\config\ConfigInitializer.java,stirling.software.SPDF.config.ConfigInitializer,class,3,5,2,3,31,1,0,39,6,0.0,0.0,0.0,4,0,3,0,0,1,4,0,0,0,0,0,0,0,0,0,0,0,8,119,4,4,3,3,1,12,6,33,1,34,4,0,0,7,71,1,0
d:\Repositorios\lab-experimentacao-software-02\scripts\repos\Stirling-PDF\src\main\java\stirling\software\SPDF\config\security\CustomAuthenticationFailureHandler.java,stirling.software.SPDF.config.security.CustomAuthenticationFailureHandler,class,13,14,1,13,7,2,0,17,0,0.33333334,0.0,0.0,3,0,2,1,0,0,2,0,0,0,2,0,0,2,0,0,2,0,0,31,1,0,0,0,0,6,0,5,1,6,3,0,0,1,28,1,1
d:\Repositorios\lab-experimentacao-software-02\scripts\repos\Stirling-PDF\src\main\java\stirling\software\SPDF\config\security\UserBasedRateLimitingFilter.java,stirling.software.SPDF.config.security.UserBasedRateLimitingFilter,class,15,16,1,15,17,2,0,38,6,0.8125,NaN,NaN,4,0,0,3,1,0,1,0,0,0,4,0,1,3,0,0,2,0,4,69,4,1,5,1,0,9,3,15,2,15,3,0,0,1,68,1,0
d:\Repositorios\lab-experimentacao-software-02\scripts\repos\Stirling-PDF\src\main\java\stirling\software\SPDF\model\Dependency.java,stirling.software.SPDF.model.Dependency,class,1,2,1,1,0,1,0,0,0,NaN,-1.0,-1.0,0,0,0,0,0,0,0,0,0,0,5,0,0,5,0,0,0,0,0,7,0,0,0,0,0,0,0,0,0,5,0,0,0,0,6,1,0
d:\Repositorios\lab-experimentacao-software-02\scripts\repos\Stirling-PDF\src\main\java\stirling\software\SPDF\model\api\converters\HTMLToPdfRequest.java,stirling.software.SPDF.model.api.converters.HTMLToPdfRequest,class,4,6,2,4,0,2,0,0,0,NaN,-1.0,-1.0,0,0,0,0,0,0,0,0,0,0,1,0,0,1,0,0,0,0,0,3,0,0,0,0,0,2,0,0,0,1,0,0,0,0,21,1,0
d:\Repositorios\lab-experimentacao-software-02\scripts\repos\Stirling-PDF\src\main\java\stirling\software\SPDF\model\api\security\SanitizePdfRequest.java,stirling.software.SPDF.model.api.security.SanitizePdfRequest,class,4,5,1,4,0,2,0,0,0,NaN,-1.0,-1.0,0,0,0,0,0,0,0,0,0,0,5,0,0,5,0,0,0,0,0,7,0,0,0,0,0,10,0,0,0,5,0,0,0,0,27,1,0
d:\Repositorios\lab-experimentacao-software-02\scripts\repos\Stirling-PDF\src\main\java\stirling\software\SPDF\config\security\FirstLoginFilter.java,stirling.software.SPDF.config.security.FirstLoginFilter,class,11,12,1,11,8,2,0,15,0,0.0,NaN,NaN,1,0,0,0,1,0,1,0,0,0,1,0,0,1,0,0,0,0,1,21,2,0,1,0,0,3,0,5,0,6,2,0,0,0,30,1,0
d:\Repositorios\lab-experimentacao-software-02\scripts\repos\Stirling-PDF\src\main\java\stirling\software\SPDF\model\ApplicationProperties.java,stirling.software.SPDF.model.ApplicationProperties$Security,innerclass,1,1,0,1,12,1,0,0,33,0.76363635,0.0,0.0,11,0,11,0,0,0,11,0,0,0,5,0,0,5,0,0,0,0,0,59,6,0,1,0,0,4,0,5,1,5,0,0,1,0,21,9,0
d:\Repositorios\lab-experimentacao-software-02\scripts\repos\Stirling-PDF\src\main\java\stirling\software\SPDF\model\ApplicationProperties.java,stirling.software.SPDF.model.ApplicationProperties$Metrics,innerclass,0,0,0,0,3,1,0,0,0,0.0,0.0,0.0,3,0,3,0,0,0,3,0,0,0,1,0,0,1,0,0,0,0,0,12,2,0,0,0,0,2,0,1,1,1,0,0,0,0,8,9,0
d:\Repositorios\lab-experimentacao-software-02\scripts\repos\Stirling-PDF\src\main\java\stirling\software\SPDF\model\api\user\UpdateUserUsername.java,stirling.software.SPDF.model.api.user.UpdateUserUsername,class,5,6,1,5,0,3,1,0,0,NaN,-1.0,-1.0,0,0,0,0,0,0,0,0,0,0,1,0,0,1,0,0,0,0,0,3,0,0,0,0,0,1,0,0,0,1,0,0,0,0,11,1,0
d:\Repositorios\lab-experimentacao-software-02\scripts\repos\Stirling-PDF\src\main\java\stirling\software\SPDF\model\api\misc\ExtractHeaderRequest.java,stirling.software.SPDF.model.api.misc.ExtractHeaderRequest,class,4,5,1,4,0,2,0,0,0,NaN,-1.0,-1.0,0,0,0,0,0,0,0,0,0,0,1,0,0,1,0,0,0,0,0,3,0,0,0,0,0,2,0,0,0,1,0,0,0,0,30,1,0
d:\Repositorios\lab-experimentacao-software-02\scripts\repos\Stirling-PDF\src\main\java\stirling\software\SPDF\controller\api\misc\OverlayImageController.java,stirling.software.SPDF.controller.api.misc.OverlayImageController,class,14,15,1,14,2,1,0,13,0,0.0,NaN,NaN,1,0,1,0,0,0,1,0,0,0,1,1,0,1,0,0,1,0,2,20,2,0,0,1,0,11,0,9,1,9,1,0,0,0,53,1,1
d:\Repositorios\lab-experimentacao-software-02\scripts\repos\Stirling-PDF\src\main\java\stirling\software\SPDF\controller\api\SplitPDFController.java,stirling.software.SPDF.controller.api.SplitPDFController,class,15,16,1,15,7,1,0,36,0,0.0,NaN,NaN,1,0,1,0,0,0,1,0,0,0,1,1,0,1,0,0,1,0,7,58,1,3,0,2,1,22,6,23,6,21,3,0,0,0,79,1,6
d:\Repositorios\lab-experimentacao-software-02\scripts\repos\Stirling-PDF\src\main\java\stirling\software\SPDF\controller\web\SecurityWebController.java,stirling.software.SPDF.controller.web.SecurityWebController,class,5,5,0,5,8,1,0,1,28,0.0,0.0,0.0,8,0,8,0,0,0,8,0,0,0,0,0,0,0,0,0,0,0,0,34,8,0,0,0,0,34,0,0,0,0,0,0,0,0,22,1,0
d:\Repositorios\lab-experimentacao-software-02\scripts\repos\Stirling-PDF\src\main\java\stirling\software\SPDF\controller\api\converters\ConvertPDFToBookController.java,stirling.software.SPDF.controller.api.converters.ConvertPDFToBookController,class,16,16,0,16,5,1,0,18,0,0.0,NaN,NaN,1,0,1,0,0,0,1,0,0,0,1,0,0,1,0,0,0,0,9,38,1,0,2,1,0,30,0,10,3,10,2,0,0,0,62,1,0
d:\Repositorios\lab-experimentacao-software-02\scripts\repos\Stirling-PDF\src\main\java\stirling\software\SPDF\config\CleanUrlInterceptor.java,stirling.software.SPDF.config.CleanUrlInterceptor,class,4,5,1,4,11,1,0,14,3,0.6666667,0.0,0.0,3,0,3,0,0,0,3,0,0,0,1,1,0,1,0,0,1,0,1,37,2,2,3,0,0,12,5,8,1,8,4,0,0,0,50,1,0
d:\Repositorios\lab-experimentacao-software-02\scripts\repos\Stirling-PDF\src\main\java\stirling\software\SPDF\controller\api\SplitPdfBySizeController.java,stirling.software.SPDF.controller.api.SplitPdfBySizeController,class,14,15,1,14,16,1,0,32,1,0.0,NaN,NaN,2,0,1,1,0,0,1,0,0,0,0,0,0,0,0,0,0,0,8,96,2,5,6,1,2,16,16,38,8,33,3,0,0,0,98,1,0
d:\Repositorios\lab-experimentacao-software-02\scripts\repos\Stirling-PDF\src\main\java\stirling\software\SPDF\model\api\general\OverlayPdfsRequest.java,stirling.software.SPDF.model.api.general.OverlayPdfsRequest,class,6,7,1,6,0,2,0,0,0,NaN,-1.0,-1.0,0,0,0,0,0,0,0,0,0,0,4,0,0,4,0,0,0,0,0,6,0,0,0,0,0,4,0,0,0,4,0,0,0,0,55,1,0
d:\Repositorios\lab-experimentacao-software-02\scripts\repos\Stirling-PDF\src\main\java\stirling\software\SPDF\controller\api\misc\AutoRenameController.java,stirling.software.SPDF.controller.api.misc.AutoRenameController,class,15,16,1,15,3,1,0,13,0,0.6666667,NaN,NaN,1,0,1,0,0,0,1,0,0,0,3,3,0,3,0,0,3,0,2,77,2,0,1,0,0,11,3,9,1,8,1,1,0,0,64,1,1
d:\Repositorios\lab-experimentacao-software-02\scripts\repos\Stirling-PDF\src\main\java\stirling\software\SPDF\config\WebMvcConfig.java,stirling.software.SPDF.config.WebMvcConfig,class,6,6,0,6,2,1,0,3,1,0.5,0.0,0.0,2,0,2,0,0,0,2,0,0,0,1,0,0,1,0,0,0,0,0,9,0,0,0,0,0,3,0,0,0,1,0,0,0,0,14,1,0
d:\Repositorios\lab-experimentacao-software-02\scripts\repos\Stirling-PDF\src\main\java\stirling\software\SPDF\controller\api\misc\ExtractImagesController.java,stirling.software.SPDF.controller.api.misc.ExtractImagesController,class,15,16,1,15,9,1,0,35,0,1.0,NaN,NaN,1,0,1,0,0,0,1,0,0,0,1,1,0,1,0,0,1,0,3,55,1,2,0,0,0,19,4,22,3,19,4,0,0,0,76,1,0
d:\Repositorios\lab-experimentacao-software-02\scripts\repos\Stirling-PDF\src\main\java\stirling\software\SPDF\model\api\converters\PdfToBookRequest.java,stirling.software.SPDF.model.api.converters.PdfToBookRequest,class,4,5,1,4,0,2,0,0,0,NaN,-1.0,-1.0,0,0,0,0,0,0,0,0,0,0,1,0,0,1,0,0,0,0,0,3,0,0,0,0,0,12,0,0,0,1,0,0,0,0,15,1,0
d:\Repositorios\lab-experimentacao-software-02\scripts\repos\Stirling-PDF\src\main\java\stirling\software\SPDF\controller\web\GeneralWebController.java,stirling.software.SPDF.controller.web.GeneralWebController,class,14,16,2,14,37,1,0,35,208,0.9047619,0.0,0.0,21,0,19,2,0,0,19,0,0,0,1,0,0,1,0,0,0,0,6,188,28,2,4,3,0,102,6,17,2,19,5,1,1,2,99,1,0
d:\Repositorios\lab-experimentacao-software-02\scripts\repos\Stirling-PDF\src\main\java\stirling\software\SPDF\controller\api\pipeline\PipelineDirectoryProcessor.java,stirling.software.SPDF.controller.api.pipeline.PipelineDirectoryProcessor,class,14,15,1,14,44,1,0,78,64,0.8739496,0.0,0.0,17,0,2,15,0,0,2,0,0,0,7,1,0,4,0,3,3,0,23,186,17,6,6,8,1,38,9,34,6,40,4,0,0,3,119,1,15
d:\Repositorios\lab-experimentacao-software-02\scripts\repos\Stirling-PDF\src\main\java\stirling\software\SPDF\controller\api\pipeline\PipelineProcessor.java,stirling.software.SPDF.controller.api.pipeline.PipelineProcessor,class,21,24,3,21,55,1,0,70,43,0.8409091,0.0,0.0,11,1,2,6,0,3,5,0,0,0,4,1,0,4,0,0,1,0,10,239,17,11,18,1,3,39,20,58,9,51,6,4,0,1,126,1,12
d:\Repositorios\lab-experimentacao-software-02\scripts\repos\Stirling-PDF\src\main\java\stirling\software\SPDF\model\api\security\PDFPasswordRequest.java,stirling.software.SPDF.model.api.security.PDFPasswordRequest,class,4,5,1,4,0,2,0,0,0,NaN,-1.0,-1.0,0,0,0,0,0,0,0,0,0,0,1,0,0,1,0,0,0,0,0,3,0,0,0,0,0,1,0,0,0,1,0,0,0,0,13,1,0
d:\Repositorios\lab-experimentacao-software-02\scripts\repos\Stirling-PDF\src\main\java\stirling\software\SPDF\model\SortTypes.java,stirling.software.SPDF.model.SortTypes,enum,0,2,2,0,0,1,0,0,0,0.0,-1.0,-1.0,0,0,0,0,0,0,0,0,0,0,0,0,0,0,0,0,0,0,0,1,0,0,0,0,0,0,0,0,0,0,0,0,0,0,17,1,0
d:\Repositorios\lab-experimentacao-software-02\scripts\repos\Stirling-PDF\src\main\java\stirling\software\SPDF\pdf\TextFinder.java,stirling.software.SPDF.pdf.TextFinder$MatchInfo,innerclass,0,0,0,0,1,1,0,0,0,0.0,NaN,NaN,1,0,0,0,0,1,1,0,0,0,2,0,0,0,0,2,0,0,0,8,0,0,0,0,0,0,0,2,0,2,0,0,0,0,6,2,0
d:\Repositorios\lab-experimentacao-software-02\scripts\repos\Stirling-PDF\src\main\java\org\apache\pdfbox\examples\signature\ValidationTimeStamp.java,org.apache.pdfbox.examples.signature.ValidationTimeStamp,class,14,16,2,14,7,1,0,14,0,0.25,0.0,0.0,4,0,3,1,0,0,3,0,0,0,1,0,0,1,0,0,0,0,1,35,3,1,2,0,0,1,0,13,0,12,1,0,0,0,104,1,0
d:\Repositorios\lab-experimentacao-software-02\scripts\repos\Stirling-PDF\src\main\java\stirling\software\SPDF\controller\api\CropController.java,stirling.software.SPDF.controller.api.CropController,class,18,20,2,18,2,1,0,25,0,1.0,NaN,NaN,1,0,1,0,0,0,1,0,0,0,1,1,0,1,0,0,1,0,1,29,1,1,0,0,0,10,1,12,1,12,1,0,0,0,53,1,0
d:\Repositorios\lab-experimentacao-software-02\scripts\repos\Stirling-PDF\src\main\java\stirling\software\SPDF\controller\api\security\GetInfoOnPDF.java,stirling.software.SPDF.controller.api.security.GetInfoOnPDF,class,56,57,1,56,90,1,0,140,49,0.72727275,0.0,0.0,11,2,7,4,0,0,7,0,0,0,1,1,0,0,0,1,0,0,18,494,17,22,38,5,8,162,29,143,12,139,7,0,0,0,242,1,0
d:\Repositorios\lab-experimentacao-software-02\scripts\repos\Stirling-PDF\src\main\java\stirling\software\SPDF\controller\web\AccountWebController.java,stirling.software.SPDF.controller.web.AccountWebController,class,14,14,0,14,25,1,0,25,0,0.0,0.0,0.0,4,0,4,0,0,0,4,0,0,0,1,0,0,1,0,0,0,0,1,92,12,2,8,1,0,39,0,14,0,15,4,0,0,0,43,1,0
d:\Repositorios\lab-experimentacao-software-02\scripts\repos\Stirling-PDF\src\main\java\stirling\software\SPDF\model\api\PDFWithPageSize.java,stirling.software.SPDF.model.api.PDFWithPageSize,class,4,5,1,4,0,2,1,0,0,NaN,-1.0,-1.0,0,0,0,0,0,0,0,0,0,0,1,0,0,1,0,0,0,0,0,3,0,0,0,0,0,10,0,0,0,1,0,0,0,0,22,1,0
d:\Repositorios\lab-experimentacao-software-02\scripts\repos\Stirling-PDF\src\main\java\stirling\software\SPDF\model\api\filter\ContainsTextRequest.java,stirling.software.SPDF.model.api.filter.ContainsTextRequest,class,4,5,1,4,0,3,0,0,0,NaN,-1.0,-1.0,0,0,0,0,0,0,0,0,0,0,1,0,0,1,0,0,0,0,0,3,0,0,0,0,0,1,0,0,0,1,0,0,0,0,16,1,0
d:\Repositorios\lab-experimentacao-software-02\scripts\repos\Stirling-PDF\src\main\java\stirling\software\SPDF\controller\api\RearrangePagesPDFController.java,stirling.software.SPDF.controller.api.RearrangePagesPDFController,class,18,19,1,18,41,1,0,36,53,0.8181818,0.0,0.0,11,0,2,9,0,0,2,0,0,0,1,1,0,1,0,0,1,0,10,150,23,13,2,2,2,24,42,41,29,38,2,0,0,0,92,1,4
d:\Repositorios\lab-experimentacao-software-02\scripts\repos\Stirling-PDF\src\main\java\stirling\software\SPDF\repository\PersistentLoginRepository.java,stirling.software.SPDF.repository.PersistentLoginRepository,interface,1,2,1,1,0,1,0,0,0,0.0,-1.0,-1.0,0,0,0,0,0,0,0,0,0,0,0,0,0,0,0,0,0,0,0,2,0,0,0,0,0,0,0,0,0,0,0,0,0,0,3,1,0
d:\Repositorios\lab-experimentacao-software-02\scripts\repos\Stirling-PDF\src\main\java\stirling\software\SPDF\utils\GeneralUtils.java,stirling.software.SPDF.utils.GeneralUtils,class,4,15,11,4,48,1,0,39,78,0.0,0.0,0.0,13,13,11,2,0,0,11,0,0,0,0,0,0,0,0,0,0,0,23,182,22,7,5,8,5,21,38,30,15,27,4,1,0,0,94,1,0
d:\Repositorios\lab-experimentacao-software-02\scripts\repos\Stirling-PDF\src\main\java\stirling\software\SPDF\controller\api\misc\AutoSplitPdfController.java,stirling.software.SPDF.controller.api.misc.AutoSplitPdfController,class,21,22,1,21,21,1,0,42,1,0.5,NaN,NaN,2,1,1,1,0,0,1,0,0,0,2,2,0,2,0,0,2,0,6,87,3,4,3,2,6,17,14,31,4,30,2,0,0,1,124,1,0
d:\Repositorios\lab-experimentacao-software-02\scripts\repos\Stirling-PDF\src\main\java\stirling\software\SPDF\model\api\PDFComparison.java,stirling.software.SPDF.model.api.PDFComparison,class,5,9,4,5,0,2,4,0,0,NaN,-1.0,-1.0,0,0,0,0,0,0,0,0,0,0,1,0,0,1,0,0,0,0,0,3,0,0,0,0,0,4,0,0,0,1,0,0,0,0,13,1,0
d:\Repositorios\lab-experimentacao-software-02\scripts\repos\Stirling-PDF\src\main\java\stirling\software\SPDF\controller\api\misc\StampController.java,stirling.software.SPDF.controller.api.misc.StampController,class,22,23,1,22,35,1,0,71,21,0.0,NaN,NaN,7,0,1,6,0,0,1,0,0,0,0,0,0,0,0,0,0,0,6,167,11,1,1,2,5,32,32,57,23,41,3,0,0,0,111,1,0
d:\Repositorios\lab-experimentacao-software-02\scripts\repos\Stirling-PDF\src\main\java\stirling\software\SPDF\controller\api\pipeline\PipelineController.java,stirling.software.SPDF.controller.api.pipeline.PipelineController,class,18,19,1,18,10,1,0,25,0,0.5,NaN,NaN,1,0,1,0,0,0,1,0,0,0,6,1,0,2,0,4,3,0,2,68,6,1,6,1,0,17,6,23,2,25,3,0,0,0,70,1,4
d:\Repositorios\lab-experimentacao-software-02\scripts\repos\Stirling-PDF\src\main\java\stirling\software\SPDF\model\api\PDFFile.java,stirling.software.SPDF.model.api.PDFFile,class,4,41,37,4,0,1,30,0,0,NaN,-1.0,-1.0,0,0,0,0,0,0,0,0,0,0,1,0,0,1,0,0,0,0,0,3,0,0,0,0,0,1,0,0,0,1,0,0,0,0,9,1,0
d:\Repositorios\lab-experimentacao-software-02\scripts\repos\Stirling-PDF\src\main\java\stirling\software\SPDF\config\security\CustomAuthenticationSuccessHandler.java,stirling.software.SPDF.config.security.CustomAuthenticationSuccessHandler,class,10,10,0,10,4,2,0,9,0,0.0,NaN,NaN,1,0,1,0,0,0,1,0,0,0,1,0,0,1,0,0,0,0,1,15,0,0,2,0,0,3,0,3,0,4,1,0,0,0,28,1,0
d:\Repositorios\lab-experimentacao-software-02\scripts\repos\Stirling-PDF\src\main\java\stirling\software\SPDF\utils\ProcessExecutor.java,stirling.software.SPDF.utils.ProcessExecutor$Processes,enum,0,0,0,0,0,1,0,0,0,0.0,-1.0,-1.0,0,0,0,0,0,0,0,0,0,0,0,0,0,0,0,0,0,0,0,1,0,0,0,0,0,0,0,0,0,0,0,0,0,0,9,1,0
d:\Repositorios\lab-experimentacao-software-02\scripts\repos\Stirling-PDF\src\main\java\stirling\software\SPDF\model\api\extract\PDFFilePage.java,stirling.software.SPDF.model.api.extract.PDFFilePage,class,4,5,1,4,0,2,0,0,0,NaN,-1.0,-1.0,0,0,0,0,0,0,0,0,0,0,1,0,0,1,0,0,0,0,0,3,0,0,0,0,0,2,0,0,0,1,0,0,0,0,13,1,0
d:\Repositorios\lab-experimentacao-software-02\scripts\repos\Stirling-PDF\src\main\java\stirling\software\SPDF\utils\PdfUtils.java,stirling.software.SPDF.utils.PdfUtils,class,17,22,5,17,71,1,0,75,66,0.6923077,0.0,0.0,13,10,12,1,0,0,12,0,0,0,1,1,0,1,0,0,1,0,23,277,24,11,8,7,8,46,22,85,17,76,4,0,0,0,149,1,8
d:\Repositorios\lab-experimentacao-software-02\scripts\repos\Stirling-PDF\src\main\java\stirling\software\SPDF\model\api\general\RearrangePagesRequest.java,stirling.software.SPDF.model.api.general.RearrangePagesRequest,class,5,6,1,5,0,3,0,0,0,NaN,-1.0,-1.0,0,0,0,0,0,0,0,0,0,0,1,0,0,1,0,0,0,0,0,3,0,0,0,0,0,8,0,0,1,1,0,0,0,0,50,1,0
d:\Repositorios\lab-experimentacao-software-02\scripts\repos\Stirling-PDF\src\main\java\stirling\software\SPDF\controller\api\converters\ConvertMarkdownToPdf.java,stirling.software.SPDF.controller.api.converters.TableAttributeProvider,class,3,3,0,3,2,1,0,1,0,0.0,NaN,NaN,1,0,1,0,0,0,1,0,0,0,0,0,0,0,0,0,0,0,0,7,0,0,0,0,0,2,0,0,0,0,1,0,0,0,10,0,0
d:\Repositorios\lab-experimentacao-software-02\scripts\repos\Stirling-PDF\src\main\java\stirling\software\SPDF\controller\api\misc\BlankPageController.java,stirling.software.SPDF.controller.api.misc.BlankPageController,class,18,19,1,18,15,1,0,37,0,0.0,0.0,0.0,2,1,2,0,0,0,2,0,0,0,1,1,0,1,0,0,1,0,7,80,4,4,2,1,1,20,11,25,12,22,4,0,0,0,87,1,7
d:\Repositorios\lab-experimentacao-software-02\scripts\repos\Stirling-PDF\src\main\java\stirling\software\SPDF\controller\api\security\RedactController.java,stirling.software.SPDF.controller.api.security.RedactController,class,21,22,1,21,8,1,0,46,1,0.5,NaN,NaN,2,0,1,1,0,0,1,0,0,0,1,1,0,1,0,0,1,0,2,68,1,3,0,1,1,14,6,32,10,28,2,0,0,0,96,1,1
d:\Repositorios\lab-experimentacao-software-02\scripts\repos\Stirling-PDF\src\main\java\stirling\software\SPDF\model\Role.java,stirling.software.SPDF.model.Role,enum,1,10,9,1,11,1,0,6,10,0.6875,0.0,0.0,8,3,7,0,0,1,8,0,0,0,4,0,0,4,0,0,4,0,3,42,7,2,0,0,0,15,8,6,1,6,2,0,0,0,43,1,0
d:\Repositorios\lab-experimentacao-software-02\scripts\repos\Stirling-PDF\scripts\PropSync.java,stirling.software.Stirling.Stats.PropSync,class,1,2,1,1,14,1,0,19,3,0.0,NaN,NaN,3,3,1,2,0,0,1,0,0,0,0,0,0,0,0,0,0,0,7,65,2,3,0,1,0,15,5,15,5,14,4,0,0,1,41,1,0
d:\Repositorios\lab-experimentacao-software-02\scripts\repos\Stirling-PDF\src\main\java\stirling\software\SPDF\controller\api\misc\ShowJavascript.java,stirling.software.SPDF.controller.api.misc.ShowJavascript,class,15,16,1,15,6,1,0,16,0,1.0,NaN,NaN,1,0,1,0,0,0,1,0,0,0,1,1,0,1,0,0,1,0,1,25,1,1,3,1,0,15,0,11,3,9,4,0,0,0,47,1,0
d:\Repositorios\lab-experimentacao-software-02\scripts\repos\Stirling-PDF\src\main\java\stirling\software\SPDF\controller\api\misc\RepairController.java,stirling.software.SPDF.controller.api.misc.RepairController,class,16,17,1,16,1,1,0,15,0,1.0,NaN,NaN,1,0,1,0,0,0,1,0,0,0,1,1,0,1,0,0,1,0,7,21,1,0,0,0,0,17,0,8,1,8,0,0,0,0,59,1,0
d:\Repositorios\lab-experimentacao-software-02\scripts\repos\Stirling-PDF\src\main\java\stirling\software\SPDF\config\EndpointConfiguration.java,stirling.software.SPDF.config.EndpointConfiguration,class,8,10,2,8,21,1,0,22,22,0.77777773,0.0,0.0,9,0,8,1,0,0,8,0,0,0,6,2,0,6,0,0,3,0,0,191,1,4,5,0,0,250,1,11,0,11,2,0,0,1,55,1,1
d:\Repositorios\lab-experimentacao-software-02\scripts\repos\Stirling-PDF\src\main\java\stirling\software\SPDF\model\PipelineOperation.java,stirling.software.SPDF.model.PipelineOperation,class,0,3,3,0,5,1,0,0,0,0.4,0.0,0.0,5,0,5,0,0,0,5,0,0,0,2,0,0,2,0,0,0,0,0,19,3,0,0,0,0,3,0,2,1,2,0,0,0,0,9,1,0
d:\Repositorios\lab-experimentacao-software-02\scripts\repos\Stirling-PDF\src\main\java\stirling\software\SPDF\model\api\PDFWithPageNums.java,stirling.software.SPDF.model.api.PDFWithPageNums,class,8,16,8,8,3,2,4,6,0,0.0,0.0,0.0,2,0,2,0,0,0,2,0,0,0,1,0,0,1,0,0,0,0,2,18,2,0,0,1,0,1,2,4,0,3,1,0,0,0,40,1,0
d:\Repositorios\lab-experimentacao-software-02\scripts\repos\Stirling-PDF\src\main\java\stirling\software\SPDF\utils\WebResponseUtils.java,stirling.software.SPDF.utils.WebResponseUtils,class,7,51,44,7,6,1,0,17,15,0.0,0.0,0.0,6,6,6,0,0,0,6,0,0,0,0,0,0,0,0,0,0,0,6,31,6,0,0,0,0,3,0,6,0,6,0,0,0,0,33,1,0
d:\Repositorios\lab-experimentacao-software-02\scripts\repos\Stirling-PDF\src\main\java\stirling\software\SPDF\config\security\CustomUserDetailsService.java,stirling.software.SPDF.config.security.CustomUserDetailsService,class,14,15,1,14,3,1,0,13,1,0.5,NaN,NaN,2,0,1,1,0,0,1,0,0,0,2,0,0,2,0,0,0,0,1,14,2,0,0,0,0,2,0,1,1,4,1,0,0,2,35,1,0
d:\Repositorios\lab-experimentacao-software-02\scripts\repos\Stirling-PDF\src\main\java\stirling\software\SPDF\config\MetricsConfig.java,stirling.software.SPDF.config.MetricsConfig$Anonymous1,anonymous,2,2,0,2,2,1,0,2,0,0.0,NaN,NaN,1,0,1,0,0,0,1,0,0,0,0,0,0,0,0,0,0,0,0,8,2,0,0,0,0,1,0,0,0,0,1,0,0,0,5,-1,0
d:\Repositorios\lab-experimentacao-software-02\scripts\repos\Stirling-PDF\src\main\java\stirling\software\SPDF\model\PDFText.java,stirling.software.SPDF.model.PDFText,class,0,2,2,0,7,1,0,0,9,0.7142858,0.0,0.0,7,0,7,0,0,0,7,0,0,0,6,0,0,6,0,0,6,0,0,34,6,0,0,0,0,0,0,6,0,6,0,0,0,0,17,1,0
d:\Repositorios\lab-experimentacao-software-02\scripts\repos\Stirling-PDF\src\main\java\stirling\software\SPDF\controller\api\security\CertSignController.java,stirling.software.SPDF.controller.api.security.CertSignController,class,27,28,1,27,12,2,0,48,6,1.0,0.0,0.0,4,1,1,3,0,0,2,0,0,0,1,1,0,1,0,0,1,0,8,92,3,0,1,3,3,21,0,32,2,27,2,0,1,0,109,1,0
d:\Repositorios\lab-experimentacao-software-02\scripts\repos\Stirling-PDF\src\main\java\stirling\software\SPDF\model\api\security\AddWatermarkRequest.java,stirling.software.SPDF.model.api.security.AddWatermarkRequest,class,5,6,1,5,0,2,0,0,0,NaN,-1.0,-1.0,0,0,0,0,0,0,0,0,0,0,9,0,0,9,0,0,0,0,0,11,0,0,0,0,0,23,2,3,0,9,0,0,0,0,35,1,0
d:\Repositorios\lab-experimentacao-software-02\scripts\repos\Stirling-PDF\src\main\java\stirling\software\SPDF\config\security\RateLimitResetScheduler.java,stirling.software.SPDF.config.security.RateLimitResetScheduler,class,3,3,0,3,2,1,0,1,0,0.0,0.0,0.0,2,0,2,0,0,0,2,0,0,0,1,0,0,1,0,0,1,0,0,9,0,0,0,0,0,1,0,1,0,1,0,0,0,0,11,1,0
d:\Repositorios\lab-experimentacao-software-02\scripts\repos\Stirling-PDF\src\main\java\stirling\software\SPDF\model\api\general\MergeMultiplePagesRequest.java,stirling.software.SPDF.model.api.general.MergeMultiplePagesRequest,class,4,5,1,4,0,2,0,0,0,NaN,-1.0,-1.0,0,0,0,0,0,0,0,0,0,0,2,0,0,2,0,0,0,0,0,4,0,0,0,0,0,8,0,0,0,2,0,0,0,0,32,1,0
d:\Repositorios\lab-experimentacao-software-02\scripts\repos\Stirling-PDF\src\main\java\stirling\software\SPDF\controller\api\SplitPdfBySectionsController.java,stirling.software.SPDF.controller.api.SplitPdfBySectionsController,class,20,21,1,20,10,1,0,40,1,0.0,0.0,0.0,2,0,2,0,0,0,2,0,0,0,0,0,0,0,0,0,0,0,6,80,3,5,1,2,3,16,14,36,14,36,4,0,0,0,94,1,0
d:\Repositorios\lab-experimentacao-software-02\scripts\repos\Stirling-PDF\src\main\java\stirling\software\SPDF\model\api\general\RotatePDFRequest.java,stirling.software.SPDF.model.api.general.RotatePDFRequest,class,4,5,1,4,0,2,0,0,0,NaN,-1.0,-1.0,0,0,0,0,0,0,0,0,0,0,1,0,0,1,0,0,0,0,0,3,0,0,0,0,0,2,0,0,0,1,0,0,0,0,23,1,0
d:\Repositorios\lab-experimentacao-software-02\scripts\repos\Stirling-PDF\src\main\java\stirling\software\SPDF\config\OpenApiConfig.java,stirling.software.SPDF.config.OpenApiConfig,class,10,10,0,10,3,1,0,16,0,0.0,NaN,NaN,1,0,1,0,0,0,1,0,0,0,1,0,0,0,0,1,0,0,0,16,2,0,1,0,0,8,0,3,0,3,1,0,0,0,37,1,0
d:\Repositorios\lab-experimentacao-software-02\scripts\repos\Stirling-PDF\src\main\java\stirling\software\SPDF\model\api\misc\MetadataRequest.java,stirling.software.SPDF.model.api.misc.MetadataRequest,class,4,5,1,4,0,2,0,0,0,NaN,-1.0,-1.0,0,0,0,0,0,0,0,0,0,0,11,0,0,11,0,0,0,0,0,13,0,0,0,0,0,11,0,0,0,11,0,0,0,0,50,1,0
d:\Repositorios\lab-experimentacao-software-02\scripts\repos\Stirling-PDF\src\main\java\stirling\software\SPDF\controller\web\GeneralWebController.java,stirling.software.SPDF.controller.web.GeneralWebController$Anonymous1,anonymous,0,0,0,0,0,1,0,0,0,0.0,-1.0,-1.0,0,0,0,0,0,0,0,0,0,0,0,0,0,0,0,0,0,0,0,2,0,0,0,0,0,0,0,0,0,0,0,0,0,0,0,-1,0
d:\Repositorios\lab-experimentacao-software-02\scripts\repos\Stirling-PDF\src\main\java\stirling\software\SPDF\controller\api\misc\OCRController.java,stirling.software.SPDF.controller.api.misc.OCRController,class,16,17,1,16,28,1,0,51,1,1.0,0.0,0.0,2,0,2,0,0,0,2,0,0,0,1,1,0,1,0,0,1,0,27,102,4,0,10,1,0,61,1,33,2,32,2,0,0,3,104,1,0
d:\Repositorios\lab-experimentacao-software-02\scripts\repos\Stirling-PDF\src\main\java\stirling\software\SPDF\model\api\filter\FileSizeRequest.java,stirling.software.SPDF.model.api.filter.FileSizeRequest,class,4,5,1,4,0,3,0,0,0,NaN,-1.0,-1.0,0,0,0,0,0,0,0,0,0,0,1,0,0,1,0,0,0,0,0,3,0,0,0,0,0,1,0,0,0,1,0,0,0,0,12,1,0
d:\Repositorios\lab-experimentacao-software-02\scripts\repos\Stirling-PDF\src\main\java\stirling\software\SPDF\model\AttemptCounter.java,stirling.software.SPDF.model.AttemptCounter,class,0,1,1,0,6,1,0,1,0,0.3,0.0,0.0,5,0,5,0,0,0,5,0,0,0,2,0,0,2,0,0,0,0,3,21,3,0,0,0,0,0,1,3,1,2,0,0,0,0,21,1,0
d:\Repositorios\lab-experimentacao-software-02\scripts\repos\Stirling-PDF\src\main\java\stirling\software\SPDF\utils\PDFManipulationUtils.java,stirling.software.SPDF.utils.PDFManipulationUtils,class,0,0,0,0,0,1,0,0,0,0.0,-1.0,-1.0,0,0,0,0,0,0,0,0,0,0,0,0,0,0,0,0,0,0,0,2,0,0,0,0,0,0,0,0,0,0,0,0,0,0,5,1,0
d:\Repositorios\lab-experimentacao-software-02\scripts\repos\Stirling-PDF\src\main\java\stirling\software\SPDF\model\api\converters\PdfToPresentationRequest.java,stirling.software.SPDF.model.api.converters.PdfToPresentationRequest,class,4,5,1,4,0,2,0,0,0,NaN,-1.0,-1.0,0,0,0,0,0,0,0,0,0,0,1,0,0,1,0,0,0,0,0,3,0,0,0,0,0,4,0,0,0,1,0,0,0,0,14,1,0
d:\Repositorios\lab-experimentacao-software-02\scripts\repos\Stirling-PDF\src\main\java\stirling\software\SPDF\controller\api\security\SanitizeController.java,stirling.software.SPDF.controller.api.security.SanitizeController,class,27,28,1,27,32,1,0,40,15,0.0,NaN,NaN,6,0,1,5,0,0,1,0,0,0,0,0,0,0,0,0,0,0,1,98,1,7,5,0,2,14,0,18,1,18,5,0,0,0,78,1,0
d:\Repositorios\lab-experimentacao-software-02\scripts\repos\Stirling-PDF\src\main\java\stirling\software\SPDF\utils\PDFToFile.java,stirling.software.SPDF.utils.PDFToFile,class,6,7,1,6,8,1,0,31,0,0.0,NaN,NaN,1,0,1,0,0,0,1,0,0,0,0,0,0,0,0,0,0,0,9,53,3,1,3,1,0,24,3,21,3,15,3,0,0,0,47,1,0
d:\Repositorios\lab-experimentacao-software-02\scripts\repos\Stirling-PDF\src\main\java\stirling\software\SPDF\model\api\security\RedactPdfRequest.java,stirling.software.SPDF.model.api.security.RedactPdfRequest,class,4,5,1,4,0,2,0,0,0,NaN,-1.0,-1.0,0,0,0,0,0,0,0,0,0,0,6,0,0,6,0,0,0,0,0,8,0,0,0,0,0,13,0,1,0,6,0,0,0,0,37,1,0
d:\Repositorios\lab-experimentacao-software-02\scripts\repos\Stirling-PDF\src\main\java\stirling\software\SPDF\controller\api\RotationController.java,stirling.software.SPDF.controller.api.RotationController,class,15,16,1,15,2,1,0,12,0,1.0,NaN,NaN,1,0,1,0,0,0,1,0,0,0,1,1,0,1,0,0,1,0,1,13,1,1,0,0,0,10,0,5,2,5,1,0,0,0,43,1,0
d:\Repositorios\lab-experimentacao-software-02\scripts\repos\Stirling-PDF\src\main\java\stirling\software\SPDF\model\ApplicationProperties.java,stirling.software.SPDF.model.ApplicationProperties$Ui,innerclass,0,0,0,0,13,1,0,2,3,0.5714286,0.0,0.0,7,0,7,0,0,0,7,0,0,0,3,0,0,3,0,0,0,0,0,29,7,0,6,0,0,4,3,3,1,3,1,0,0,0,13,9,0
d:\Repositorios\lab-experimentacao-software-02\scripts\repos\Stirling-PDF\src\main\java\stirling\software\SPDF\model\api\converters\ConvertToPdfRequest.java,stirling.software.SPDF.model.api.converters.ConvertToPdfRequest,class,4,5,1,4,0,1,0,0,0,NaN,-1.0,-1.0,0,0,0,0,0,0,0,0,0,0,4,0,0,4,0,0,0,0,0,6,0,0,0,0,0,11,0,0,0,4,0,0,0,0,35,1,0
d:\Repositorios\lab-experimentacao-software-02\scripts\repos\Stirling-PDF\src\main\java\stirling\software\SPDF\model\api\user\Username.java,stirling.software.SPDF.model.api.user.Username,class,4,5,1,4,0,1,1,0,0,NaN,-1.0,-1.0,0,0,0,0,0,0,0,0,0,0,1,0,0,1,0,0,0,0,0,3,0,0,0,0,0,1,0,0,0,1,0,0,0,0,4,1,0
d:\Repositorios\lab-experimentacao-software-02\scripts\repos\Stirling-PDF\src\main\java\stirling\software\SPDF\controller\api\UserController.java,stirling.software.SPDF.controller.api.UserController,class,24,25,1,24,47,1,0,43,0,0.6,0.0,0.0,10,0,9,1,0,0,9,0,0,0,3,1,0,3,0,0,1,0,1,157,33,3,13,1,0,66,2,19,2,21,4,0,0,0,93,1,0
d:\Repositorios\lab-experimentacao-software-02\scripts\repos\Stirling-PDF\src\main\java\stirling\software\SPDF\model\api\misc\ProcessPdfWithOcrRequest.java,stirling.software.SPDF.model.api.misc.ProcessPdfWithOcrRequest,class,4,5,1,4,0,2,0,0,0,NaN,-1.0,-1.0,0,0,0,0,0,0,0,0,0,0,8,0,0,8,0,0,0,0,0,10,0,0,0,0,0,15,0,1,0,8,0,0,0,0,43,1,0
d:\Repositorios\lab-experimentacao-software-02\scripts\repos\Stirling-PDF\src\main\java\org\apache\pdfbox\examples\signature\TSAClient.java,org.apache.pdfbox.examples.signature.TSAClient,class,10,12,2,10,13,1,0,33,0,0.42857143,0.0,0.0,3,0,2,1,0,0,2,0,0,0,7,3,0,7,0,0,7,0,2,74,2,1,5,3,1,15,1,22,3,21,2,0,0,0,98,1,6
d:\Repositorios\lab-experimentacao-software-02\scripts\repos\Stirling-PDF\src\main\java\stirling\software\SPDF\controller\api\security\WatermarkController.java,stirling.software.SPDF.controller.api.security.WatermarkController,class,20,21,1,20,18,1,0,56,3,0.0,NaN,NaN,3,0,1,2,0,0,1,0,0,0,0,0,0,0,0,0,0,0,6,108,1,7,0,1,10,27,19,52,30,45,3,0,0,0,97,1,0
d:\Repositorios\lab-experimentacao-software-02\scripts\repos\Stirling-PDF\src\main\java\stirling\software\SPDF\model\api\user\UpdateUserDetails.java,stirling.software.SPDF.model.api.user.UpdateUserDetails,class,5,5,0,5,0,4,0,0,0,NaN,-1.0,-1.0,0,0,0,0,0,0,0,0,0,0,1,0,0,1,0,0,0,0,0,3,0,0,0,0,0,1,0,0,0,1,0,0,0,0,11,1,0
d:\Repositorios\lab-experimentacao-software-02\scripts\repos\Stirling-PDF\src\main\java\stirling\software\SPDF\config\security\SecurityConfiguration.java,stirling.software.SPDF.config.security.SecurityConfiguration,class,30,31,1,30,9,1,0,49,11,0.6666667,0.0,0.0,6,0,6,0,0,0,6,0,0,0,6,0,1,5,0,0,0,0,0,54,7,0,1,0,0,18,3,7,0,26,3,0,0,11,82,1,0
d:\Repositorios\lab-experimentacao-software-02\scripts\repos\Stirling-PDF\src\main\java\stirling\software\SPDF\controller\api\converters\ConvertImgPDFController.java,stirling.software.SPDF.controller.api.converters.ConvertImgPDFController,class,19,20,1,19,9,1,0,28,3,1.0,0.0,0.0,3,0,2,1,0,0,2,0,0,0,1,1,0,1,0,0,1,0,5,52,4,0,0,1,0,24,1,23,3,20,1,0,0,0,81,1,0
d:\Repositorios\lab-experimentacao-software-02\scripts\repos\Stirling-PDF\src\main\java\stirling\software\SPDF\model\api\filter\PageRotationRequest.java,stirling.software.SPDF.model.api.filter.PageRotationRequest,class,4,5,1,4,0,3,0,0,0,NaN,-1.0,-1.0,0,0,0,0,0,0,0,0,0,0,1,0,0,1,0,0,0,0,0,3,0,0,0,0,0,1,0,0,0,1,0,0,0,0,13,1,0
d:\Repositorios\lab-experimentacao-software-02\scripts\repos\Stirling-PDF\src\main\java\stirling\software\SPDF\model\api\ImageFile.java,stirling.software.SPDF.model.api.ImageFile,class,5,5,0,5,0,1,0,0,0,NaN,-1.0,-1.0,0,0,0,0,0,0,0,0,0,0,1,0,0,1,0,0,0,0,0,3,0,0,0,0,0,1,0,0,0,1,0,0,0,0,8,1,0
d:\Repositorios\lab-experimentacao-software-02\scripts\repos\Stirling-PDF\src\main\java\stirling\software\SPDF\model\ApplicationProperties.java,stirling.software.SPDF.model.ApplicationProperties$Security$InitialLogin,innerclass,0,0,0,0,7,1,0,1,0,0.4,0.0,0.0,5,0,5,0,0,0,5,0,0,0,2,0,0,2,0,0,0,0,0,19,3,0,1,0,1,5,0,2,1,2,0,0,0,0,11,9,0
d:\Repositorios\lab-experimentacao-software-02\scripts\repos\Stirling-PDF\src\main\java\stirling\software\SPDF\model\ApiKeyAuthenticationToken.java,stirling.software.SPDF.model.ApiKeyAuthenticationToken,class,2,4,2,2,7,2,0,3,0,0.4166667,0.0,0.0,6,0,6,0,0,0,6,0,0,0,2,0,0,2,0,0,1,0,0,32,2,0,0,0,0,1,0,5,0,2,1,0,0,0,33,1,0
d:\Repositorios\lab-experimentacao-software-02\scripts\repos\Stirling-PDF\src\main\java\stirling\software\SPDF\utils\ImageProcessingUtils.java,stirling.software.SPDF.utils.ImageProcessingUtils,class,0,1,1,0,3,1,0,4,0,0.0,NaN,NaN,1,1,0,0,0,1,1,0,0,0,0,0,0,0,0,0,0,0,0,19,1,0,0,0,0,2,4,3,0,1,1,0,0,0,10,1,0
d:\Repositorios\lab-experimentacao-software-02\scripts\repos\Stirling-PDF\src\main\java\stirling\software\SPDF\controller\api\pipeline\ApiDocService.java,stirling.software.SPDF.controller.api.pipeline.ApiDocService,class,16,19,3,16,23,1,0,38,0,0.6388889,0.0,0.0,6,0,3,3,0,0,3,0,0,1,6,1,0,4,0,2,2,0,16,113,11,1,7,1,0,75,6,32,1,32,3,0,0,1,75,1,1
d:\Repositorios\lab-experimentacao-software-02\scripts\repos\Stirling-PDF\src\main\java\stirling\software\SPDF\config\Beans.java,stirling.software.SPDF.config.Beans,class,12,13,1,12,7,1,0,12,3,0.6666667,0.0,0.0,3,0,3,0,0,0,3,0,0,0,1,0,0,0,0,1,0,0,2,36,2,0,1,0,0,4,0,10,0,7,3,0,0,0,40,1,0
d:\Repositorios\lab-experimentacao-software-02\scripts\repos\Stirling-PDF\src\main\java\stirling\software\SPDF\controller\web\HomeWebController.java,stirling.software.SPDF.controller.web.HomeWebController,class,13,13,0,13,7,1,0,9,8,0.6,0.0,0.0,5,0,5,0,0,0,5,0,0,0,1,0,0,0,0,1,0,0,0,40,6,0,0,1,0,20,0,6,0,7,1,1,0,0,36,1,0
d:\Repositorios\lab-experimentacao-software-02\scripts\repos\Stirling-PDF\src\main\java\stirling\software\SPDF\model\ApplicationProperties.java,stirling.software.SPDF.model.ApplicationProperties,class,11,22,11,11,22,1,0,0,63,0.8000001,0.0,0.0,15,0,15,0,0,0,15,0,0,0,7,0,0,7,0,0,0,0,0,244,8,0,7,0,0,10,0,7,1,7,0,0,7,0,26,1,0
d:\Repositorios\lab-experimentacao-software-02\scripts\repos\Stirling-PDF\src\main\java\org\apache\pdfbox\examples\util\ConnectedInputStream.java,org.apache.pdfbox.examples.util.ConnectedInputStream,class,1,1,0,1,10,2,0,10,0,0.4,0.0,0.0,10,0,10,0,0,0,10,0,0,2,2,0,0,0,0,2,0,0,0,36,6,0,0,0,0,0,0,2,0,2,0,0,0,0,32,1,0
d:\Repositorios\lab-experimentacao-software-02\scripts\repos\Stirling-PDF\src\main\java\stirling\software\SPDF\controller\api\strippers\PDFTableStripper.java,stirling.software.SPDF.controller.api.strippers.PDFTableStripper,class,10,12,2,10,26,2,0,46,23,0.7777778,0.0,0.0,10,0,7,1,2,0,9,0,1,0,9,0,0,9,0,0,0,0,3,166,4,8,2,1,0,4,25,38,12,32,3,0,1,0,220,1,0
d:\Repositorios\lab-experimentacao-software-02\scripts\repos\Stirling-PDF\src\main\java\stirling\software\SPDF\controller\api\converters\ConvertPDFToOffice.java,stirling.software.SPDF.controller.api.converters.ConvertPDFToOffice,class,16,16,0,16,6,1,0,12,10,0.0,0.0,0.0,5,0,5,0,0,0,5,0,0,0,0,0,0,0,0,0,0,0,1,39,6,0,0,1,0,34,0,16,1,16,2,0,0,0,48,1,0
d:\Repositorios\lab-experimentacao-software-02\scripts\repos\Stirling-PDF\src\main\java\stirling\software\SPDF\model\api\filter\PageSizeRequest.java,stirling.software.SPDF.model.api.filter.PageSizeRequest,class,4,5,1,4,0,3,0,0,0,NaN,-1.0,-1.0,0,0,0,0,0,0,0,0,0,0,1,0,0,1,0,0,0,0,0,3,0,0,0,0,0,1,0,0,0,1,0,0,0,0,12,1,0
d:\Repositorios\lab-experimentacao-software-02\scripts\repos\Stirling-PDF\src\main\java\stirling\software\SPDF\controller\api\PdfOverlayController.java,stirling.software.SPDF.controller.api.PdfOverlayController,class,16,17,1,16,25,1,0,32,15,0.0,NaN,NaN,6,0,1,5,0,0,1,0,0,0,0,0,0,0,0,0,0,0,3,115,3,8,5,6,3,17,15,37,7,34,5,0,0,0,77,1,0
d:\Repositorios\lab-experimentacao-software-02\scripts\repos\Stirling-PDF\src\main\java\stirling\software\SPDF\controller\api\MultiPageLayoutController.java,stirling.software.SPDF.controller.api.MultiPageLayoutController,class,19,20,1,19,12,1,0,32,0,1.0,NaN,NaN,1,0,1,0,0,0,1,0,0,0,1,1,0,1,0,0,1,0,6,62,1,1,9,0,5,11,15,33,26,31,2,0,0,0,95,1,0
d:\Repositorios\lab-experimentacao-software-02\scripts\repos\Stirling-PDF\src\main\java\stirling\software\SPDF\model\api\PDFComparisonAndCount.java,stirling.software.SPDF.model.api.PDFComparisonAndCount,class,5,6,1,5,0,3,0,0,0,NaN,-1.0,-1.0,0,0,0,0,0,0,0,0,0,0,1,0,0,1,0,0,0,0,0,3,0,0,0,0,0,1,0,0,0,1,0,0,0,0,11,1,0
d:\Repositorios\lab-experimentacao-software-02\scripts\repos\Stirling-PDF\src\main\java\org\apache\pdfbox\examples\signature\CMSProcessableInputStream.java,org.apache.pdfbox.examples.signature.CMSProcessableInputStream,class,2,3,1,2,5,1,0,3,2,0.5,0.0,0.0,5,0,3,0,0,2,5,0,0,0,2,0,0,2,0,0,2,0,0,21,2,0,0,0,0,0,0,2,0,2,0,0,0,0,37,0,0
